Round,Agent_ID,Persona,Stance_Score,Statement_Summary
1,Agent_1,A renewable energy investor hoping to capitalize on green policies,0,Error parsing evaluation
1,Agent_2,A pessimistic philosopher who thinks humanity is doomed regardless of policy,5,"The provided text is an API error message and does not contain a debate statement regarding a global, mandatory carbon tax."
1,Agent_1,A progressive activist focused on environmental justice and systemic change,3,"The agent is wary of a mandatory global carbon tax without robust environmental justice provisions, fearing it could disproportionately burden vulnerable populations and perpetuate inequalities."
1,Agent_2,A tech entrepreneur looking for technological rather than policy-driven solutions,3,"The agent expresses caution about relying solely on a global carbon tax, advocating instead for prioritizing technological innovation to make clean energy solutions inherently more attractive than taxed alternatives."
1,Agent_3,A passionate environmental scientist who believes drastic action is needed immediately,0,Error parsing evaluation
2,Agent_1,A progressive activist focused on environmental justice and systemic change,7,"A global, mandatory carbon tax is acceptable only if it includes robust environmental justice provisions and is part of a broader systemic transformation to prevent exacerbating existing inequalities."
2,Agent_2,A tech entrepreneur looking for technological rather than policy-driven solutions,2,"The agent believes a carbon tax is an insufficient ""band-aid"" solution and instead advocates for prioritizing investment in and making advanced renewable technologies, carbon capture, and sustainable agriculture universally efficient and affordable."
2,Agent_3,A passionate environmental scientist who believes drastic action is needed immediately,10,"A global, mandatory carbon tax is presented as the immediate, systemic shock necessary for urgent decarbonization, as less direct solutions are no longer viable given the critical time constraints."
3,Agent_1,A progressive activist focused on environmental justice and systemic change,8,"The statement argues that a carbon tax is urgently needed but must be implemented with a focus on environmental justice, funding a just transition, and addressing systemic inequalities."
3,Agent_2,A tech entrepreneur looking for technological rather than policy-driven solutions,3,"The statement argues that while a carbon tax might offer a temporary shock, massive investment in making carbon-negative and clean energy solutions cheap and abundant is the true systemic shift needed for lasting transformation."
3,Agent_3,A passionate environmental scientist who believes drastic action is needed immediately,10,"A global, mandatory carbon tax is presented as the sole immediate and effective mechanism to achieve the large-scale decarbonization necessary to avert an extinction-level climate crisis."
