Round,Agent_ID,Persona,Stance_Score,Statement_Summary,Statement_Text
1,Agent_1,A youth climate striker who feels their future is being stolen,8,"The speaker strongly supports a global, mandatory carbon tax to hold polluters accountable and drive change, while emphasizing the need for a design that protects low-income communities.","I'm strongly in favor of a global, mandatory carbon tax. It's a crucial step towards holding polluters accountable and driving real change, but it needs to be designed in a way that doesn't burden low-income communities. We can't afford to delay - our future is already being stolen, and it's time for drastic action."
1,Agent_2,A tech entrepreneur looking for technological rather than policy-driven solutions,4,"The speaker is skeptical about a global, mandatory carbon tax, preferring to focus on clean tech innovations to reduce emissions, citing concerns that a tax could stifle innovation.","I'm not convinced a global, mandatory carbon tax is the way to go. Instead, I'd rather focus on accelerating the development and deployment of clean tech innovations that can make a real dent in emissions. A tax could stifle innovation, whereas tech advancements can drive scalable, sustainable change."
1,Agent_3,A renewable energy investor hoping to capitalize on green policies,9,"The speaker strongly supports a global, mandatory carbon tax to encourage a shift to renewable energy, achieve climate goals, and create a sustainable future.","I'm strongly in favor of a global, mandatory carbon tax. It would create a level playing field, providing a financial incentive for companies and countries to transition to renewable energy sources, and help us achieve a low-carbon economy. It's a crucial step towards meeting our climate goals and creating a sustainable future."
1,Agent_4,A passionate environmental scientist who believes drastic action is needed immediately,9,"The speaker strongly supports a global, mandatory carbon tax to hold polluters accountable, drive emission reductions, and incentivize the transition to renewable energy sources.","I'm strongly in favor of a global, mandatory carbon tax. It's a crucial step towards holding polluters accountable and driving immediate reductions in emissions. A universal tax would level the playing field, providing a financial incentive for industries and nations to transition to renewable energy sources and mitigate climate change."
1,Agent_5,A renewable energy investor hoping to capitalize on green policies,9,"The speaker strongly supports a global, mandatory carbon tax as a crucial step towards sustainability, citing its potential to create a level playing field, encourage renewable energy transitions, and drive emission reductions.","I strongly believe a global, mandatory carbon tax is a crucial step towards a sustainable future. By putting a price on carbon, we'd create a level playing field, encouraging companies to transition to renewable energy sources and reducing emissions. It's a necessary policy to drive meaningful change and meet our climate goals."
1,Agent_6,A local farmer who worries about the direct cost of fuel and supplies,2,"The speaker is opposed to a global mandatory carbon tax, citing concerns about increased expenses and competitiveness as a local farmer.","I'm not sold on a global carbon tax. As a local farmer, I'm already feeling the squeeze from rising fuel and supply costs. A mandatory tax would just add another layer of expense, making it harder for me to compete with cheaper imports and keep my farm afloat."
1,Agent_7,A youth climate striker who feels their future is being stolen,9,"The speaker strongly supports a global, mandatory carbon tax as a means to hold polluters accountable and drive sustainable change, believing that corporations and governments should pay a fair share for environmental damage.","I'm all for a global, mandatory carbon tax! It's a crucial step towards holding polluters accountable and driving real change. If big corporations and governments are making billions from destroying our planet, they should pay a fair share for the damage they're causing - it's the least they can do to help fund our transition to a sustainable future."
1,Agent_8,A conservative politician concerned about the economic impact on the working class and businesses,2,"The speaker strongly opposes a global, mandatory carbon tax, citing concerns about its regressive nature, potential to harm the working class, increase energy costs, and negatively impact businesses and economic growth.","I'm strongly opposed to a global, mandatory carbon tax. It would disproportionately hurt our working class, increasing energy costs and hurting businesses that can't absorb the extra expenses. It's a regressive tax that would stifle economic growth and put America at a competitive disadvantage on the world stage."
1,Agent_9,An industrial lobbyist who protects the interests of large manufacturing corporations,2,"The speaker strongly opposes a global, mandatory carbon tax citing concerns about its impact on manufacturers' competitiveness, job security, and the potential for sector-specific damage.","I'm strongly opposed to a global, mandatory carbon tax. It would disproportionately hurt large manufacturers, making us less competitive on the global market and potentially driving jobs overseas. A one-size-fits-all tax would also fail to account for varying industry circumstances and could cripple certain sectors."
1,Agent_10,A pessimistic philosopher who thinks humanity is doomed regardless of policy,2,"The speaker strongly opposes the implementation of a global, mandatory carbon tax, viewing it as an ineffective solution to the ecological crisis due to humanity's ingrained consumption habits.","I'm afraid it's a futile effort. Implementing a global, mandatory carbon tax won't save us; it's a mere Band-Aid on a mortal wound. Humanity's addiction to consumption and growth will always outpace any attempts at sustainability, rendering such measures ineffective in the grand scheme of our ecological downfall."
1,Agent_11,A youth climate striker who feels their future is being stolen,9,"The speaker strongly supports a global, mandatory carbon tax to hold governments and corporations accountable for their emissions and ensure a livable future, viewing it as a necessary step to prevent sacrificing futures for short-term profits.","I'm strongly in favor of a global, mandatory carbon tax. It's a crucial step towards holding governments and corporations accountable for their emissions and ensuring a livable future. Without it, I fear our futures will be sacrificed for short-term profits, and that's unacceptable – we need drastic action, not empty promises!"
1,Agent_12,A pragmatic economist who prioritizes market stability and gradual changes,4,"The speaker is cautious about implementing a global, mandatory carbon tax, citing concerns about market disruption and preferring a more gradual approach.","I'm skeptical about a global, mandatory carbon tax. While I agree that we need to address climate change, a sudden, drastic measure like this could disrupt markets and economies worldwide. A more gradual approach, like starting with regional or sector-specific carbon pricing, might be more effective and less likely to cause unintended consequences."
1,Agent_13,A youth climate striker who feels their future is being stolen,9,"The speaker strongly supports implementing a global, mandatory carbon tax to hold corporations and governments accountable for environmental damage and generate revenue for climate-impacted communities.","I'm all for a global, mandatory carbon tax. It's long overdue that corporations and governments pay for the environmental damage they're causing. A carbon tax would hold them accountable and generate revenue to help communities already impacted by climate change - it's a step towards climate justice."
1,Agent_14,A tech entrepreneur looking for technological rather than policy-driven solutions,4,"The speaker is skeptical about implementing a global, mandatory carbon tax and instead advocates for technology-driven solutions to reduce emissions.","I'm not convinced a global, mandatory carbon tax is the way to go. Instead, I'd rather focus on tech-driven solutions that can scale quickly and efficiently, like carbon capture, advanced nuclear power, and electrification of transportation. Let's harness innovation to reduce emissions, rather than relying on policy alone."
1,Agent_15,A pessimistic philosopher who thinks humanity is doomed regardless of policy,2,"The speaker opposes a global, mandatory carbon tax, viewing it as an ineffective solution to the deeper issue of humanity's unsustainable growth and consumption habits.","I'm against the idea of a global, mandatory carbon tax. Not because it wouldn't work, but because it's a Band-Aid on a mortal wound. Humanity's addiction to growth and consumption is the real issue, and no amount of taxation can change our fundamental trajectory towards environmental catastrophe."
2,Agent_1,A youth climate striker who feels their future is being stolen,8,"The speaker strongly supports implementing a global, mandatory carbon tax as a necessary step to address urgent environmental issues, despite acknowledging it as imperfect.","I'm appalled by the lack of urgency in some of the responses. A global, mandatory carbon tax is not a perfect solution, but it's a necessary step to hold polluters accountable and drive immediate action. We can't afford to wait for perfect tech solutions or gradual approaches - our future is being stolen, and drastic action is needed now."
2,Agent_2,A tech entrepreneur looking for technological rather than policy-driven solutions,4,"The speaker is skeptical about a global, mandatory carbon tax and instead advocates for focusing on clean tech innovations to drive sustainable change and reduce emissions.","I'm not convinced a global, mandatory carbon tax is the way to go. Instead, I'd rather focus on accelerating clean tech innovations that can drive scalable, sustainable change. By harnessing tech advancements, we can reduce emissions more efficiently than policy alone, and create new economic opportunities in the process."
2,Agent_3,A renewable energy investor hoping to capitalize on green policies,8,"The speaker supports a global, mandatory carbon tax as part of a dual approach that includes clean tech innovations to efficiently reduce emissions and hold polluters accountable, accelerating the transition to a low-carbon economy.","I'm pro-carbon tax, but let's not forget innovation's role. A tax provides a financial incentive, while clean tech advancements drive scalable change. We need both - a tax to hold polluters accountable and tech to reduce emissions efficiently. It's not an either-or situation; a combination of both can accelerate our transition to a low-carbon economy."
2,Agent_4,A passionate environmental scientist who believes drastic action is needed immediately,8,"The speaker strongly supports implementing a global, mandatory carbon tax to hold polluters accountable and drive immediate change, viewing it as a necessary measure to address environmental damage.","I'm shocked by the hesitation - we need drastic action now! A global, mandatory carbon tax is a necessary evil to hold polluters accountable and drive immediate change. It's not about stifling innovation or hurting the economy, but about putting a price on carbon and making polluters pay for the damage they're causing."
2,Agent_5,A renewable energy investor hoping to capitalize on green policies,8,"The speaker supports a global, mandatory carbon tax but emphasizes the need to combine it with accelerated clean tech innovations for a low-carbon economy and meeting climate goals.","I agree with several speakers that a global, mandatory carbon tax is crucial, but I think it's essential to complement it with accelerated clean tech innovations. A tax provides a vital financial incentive, while tech advancements drive scalable, sustainable change, ensuring a low-carbon economy and meeting climate goals."
2,Agent_6,A local farmer who worries about the direct cost of fuel and supplies,2,"The speaker strongly opposes a global, mandatory carbon tax, citing concerns about increased costs and competitiveness for local farmers and businesses.","As a local farmer, I'm worried about the direct costs of a global carbon tax. It'll add another layer of expense, making it harder for me to compete with cheaper imports and keep my farm afloat. I think we should focus on supporting farmers and local businesses instead of piling on more taxes."
2,Agent_7,A youth climate striker who feels their future is being stolen,8,"The speaker strongly supports a global, mandatory carbon tax as a means to hold polluters accountable and drive climate change mitigation, while ensuring it does not harm low-income communities or stifle innovation.","I'm fed up with empty promises - our future is being stolen. A global, mandatory carbon tax is a necessary evil to hold polluters accountable and drive real change. It's not about stifling innovation or hurting low-income communities, but about creating a level playing field and making those responsible for climate change pay."
2,Agent_8,A conservative politician concerned about the economic impact on the working class and businesses,2,"The speaker, a conservative, strongly opposes a global, mandatory carbon tax, citing concerns about its potential negative impact on the working class, businesses, and the economy, and instead advocates for clean tech innovations.","As a conservative, I worry that a global, mandatory carbon tax would disproportionately hurt our working class and businesses. It would increase energy costs, stifle economic growth, and put America at a competitive disadvantage. I'd rather focus on clean tech innovations that drive scalable, sustainable change without burdening our economy."
2,Agent_9,An industrial lobbyist who protects the interests of large manufacturing corporations,4,"The speaker opposes a global, mandatory carbon tax due to concerns about its impact on competitiveness and job security in the manufacturing industry, suggesting alternative approaches instead.","As a representative of large manufacturers, I'm concerned a global, mandatory carbon tax would disproportionately hurt our industry, making us less competitive globally and potentially driving jobs overseas. A more nuanced approach, like sector-specific carbon pricing or incentives for clean tech adoption, would be more effective and equitable."
2,Agent_10,A pessimistic philosopher who thinks humanity is doomed regardless of policy,2,"The speaker strongly opposes implementing a global, mandatory carbon tax, viewing it as an ineffective solution to a deeper issue of unsustainable human existence and consumption patterns.","I concur with Agents 10 and 15 - a global carbon tax is a futile effort. It's a temporary fix for a systemic problem. Humanity's pursuit of growth and consumption will always outpace environmental concerns. We can tinker with symptoms, but the disease - our unsustainable existence - will ultimately prevail."
2,Agent_11,A youth climate striker who feels their future is being stolen,8,"The speaker strongly supports a global, mandatory carbon tax as a necessary measure to hold polluters accountable and drive immediate action against climate change, while emphasizing the need for urgency.","I'm appalled by the lack of urgency in some responses. A global, mandatory carbon tax is a necessary evil - it's not about stifling innovation or burdening low-income communities, but about holding polluters accountable and driving immediate action. We can't afford to delay; our future is already being stolen."
2,Agent_12,A pragmatic economist who prioritizes market stability and gradual changes,4,"The speaker is cautiously open to a global carbon tax but prefers a more gradual approach, citing concerns about market disruption and potential unintended consequences.","I understand the appeal of a global carbon tax, but I'm concerned about its potential to disrupt markets and economies. A more gradual approach, like starting with regional or sector-specific carbon pricing, might be more effective and less likely to cause unintended consequences, allowing us to adjust and refine our strategy over time."
2,Agent_13,A youth climate striker who feels their future is being stolen,9,"The speaker strongly supports a global, mandatory carbon tax to hold polluters accountable, drive immediate action, and support a sustainable transition, criticizing current priorities on profits over environmental concerns.","I strongly believe a global, mandatory carbon tax is necessary to hold polluters accountable and drive immediate action. It's unacceptable that our future is being stolen while corporations and governments prioritize profits over the planet – a carbon tax would level the playing field and generate revenue to support a sustainable transition."
2,Agent_14,A tech entrepreneur looking for technological rather than policy-driven solutions,4,"The speaker is skeptical about a global, mandatory carbon tax and prefers to focus on clean tech innovations as a more efficient solution to reduce emissions.","I'm still unconvinced about a global, mandatory carbon tax. Instead, I'd rather focus on accelerating clean tech innovations like carbon capture, advanced nuclear power, and electrification of transportation. These tech-driven solutions can scale quickly and efficiently to reduce emissions, rather than relying solely on policy measures."
2,Agent_15,A pessimistic philosopher who thinks humanity is doomed regardless of policy,2,"The speaker believes a global, mandatory carbon tax is ineffective due to humanity's addiction to consumption and growth, prioritizing short-term gains over long-term sustainability.","As the debate rages on, I'm reminded that a global, mandatory carbon tax is a futile attempt to stave off the inevitable. Humans are addicted to consumption and growth, and no policy can change that; we're doomed to prioritize short-term gains over long-term sustainability, rendering such measures ineffective in the grand scheme."
3,Agent_1,A youth climate striker who feels their future is being stolen,9,"The speaker strongly advocates for a global, mandatory carbon tax to hold polluters accountable and drive immediate action, emphasizing the need for drastic measures to protect the future.","I'm appalled by the lack of urgency in some responses. A global, mandatory carbon tax is necessary to hold polluters accountable and drive immediate action - our future is being stolen and drastic action is needed now. It's not about stifling innovation, but about creating a level playing field and making those responsible pay."
3,Agent_2,A tech entrepreneur looking for technological rather than policy-driven solutions,4,"The speaker is skeptical about a global, mandatory carbon tax and instead advocates for technology-driven solutions to reduce emissions.","I'm still unconvinced about a global, mandatory carbon tax. Instead, I'd rather focus on accelerating clean tech innovations like carbon capture, advanced nuclear power, and electrification of transportation. These tech-driven solutions can scale quickly and efficiently to reduce emissions, rather than relying solely on policy measures. It's time to harness innovation to drive change."
3,Agent_3,A renewable energy investor hoping to capitalize on green policies,8,"The speaker supports a global, mandatory carbon tax as a necessary measure to prompt immediate action against polluters, while also emphasizing the importance of complementary clean tech innovations for sustainable change.","I'm convinced a global, mandatory carbon tax is necessary to drive immediate action and hold polluters accountable. However, I agree with Agents 3 and 5 that it should be complemented with accelerated clean tech innovations to drive scalable, sustainable change and ensure a low-carbon economy. A combination of both can accelerate our transition."
3,Agent_4,A passionate environmental scientist who believes drastic action is needed immediately,8,"The speaker strongly supports implementing a global, mandatory carbon tax to address climate change, viewing it as a necessary measure to prompt immediate action against polluters.","I'm appalled by the lack of urgency in some responses. A global, mandatory carbon tax is a necessary evil to hold polluters accountable and drive immediate action - we can't afford to delay. It's not about perfect solutions, but drastic action to address the existential threat of climate change."
3,Agent_5,A renewable energy investor hoping to capitalize on green policies,9,"The speaker strongly supports the implementation of a global, mandatory carbon tax to drive immediate climate action, promote renewable energy, ensure accountability, and achieve sustainability.","I strongly believe a global, mandatory carbon tax is crucial to drive immediate action against climate change. It provides a financial incentive for companies and countries to transition to renewable energy sources, ensuring a level playing field and holding polluters accountable, which is essential for meeting our climate goals and creating a sustainable future."
3,Agent_6,A local farmer who worries about the direct cost of fuel and supplies,2,"The speaker is opposed to a global carbon tax due to concerns about increased costs for local farmers and businesses, suggesting alternative solutions that prioritize supporting them.","I'm still concerned about the direct costs of a global carbon tax. As a local farmer, I'm already feeling the squeeze from rising fuel and supply costs; adding another layer of expense would make it harder for me to compete and keep my farm afloat. I think we should focus on supporting farmers and local businesses instead."
3,Agent_7,A youth climate striker who feels their future is being stolen,9,"The speaker strongly advocates for a global, mandatory carbon tax to prompt immediate environmental action, viewing it as a necessary measure despite its potential drawbacks.","I'm infuriated that some of you still don't get it - our future is being stolen, and drastic action is needed now! A global, mandatory carbon tax is a necessary evil to hold polluters accountable and drive immediate change; it's not about perfect solutions, but about taking bold action to save our planet."
3,Agent_8,A conservative politician concerned about the economic impact on the working class and businesses,2,"The speaker opposes a global, mandatory carbon tax, citing concerns about its potential negative impact on the working class, businesses, and economic growth, and instead advocates for clean tech innovations to achieve a low-carbon future.","As a conservative, I remain concerned that a global, mandatory carbon tax would disproportionately hurt our working class and businesses, increasing energy costs and stifling economic growth. I'd rather focus on accelerating clean tech innovations that drive scalable, sustainable change without burdening our economy, ensuring a low-carbon future without sacrificing American competitiveness."
3,Agent_9,An industrial lobbyist who protects the interests of large manufacturing corporations,2,"The speaker opposes a global, mandatory carbon tax, citing concerns about its impact on competitiveness, job creation, and economic growth, and suggests alternative approaches like sector-specific carbon pricing or clean tech incentives.","As a representative of large manufacturers, I strongly believe that a global, mandatory carbon tax would disproportionately hurt our industry. It would make us less competitive globally, potentially driving jobs overseas, and stifle economic growth. A more nuanced approach, like sector-specific carbon pricing or incentives for clean tech adoption, would be more effective and equitable."
3,Agent_10,A pessimistic philosopher who thinks humanity is doomed regardless of policy,2,"The speaker is pessimistic about the effectiveness of a global, mandatory carbon tax in changing humanity's environmental trajectory, citing an inherent addiction to growth and consumption.","I'm not surprised by the optimism here. A global, mandatory carbon tax might momentarily curb emissions, but it won't change humanity's fundamental trajectory. Our addiction to growth and consumption will always outpace environmental concerns, rendering such measures ineffective in the grand scheme. Let's face it, we're doomed."
3,Agent_11,A youth climate striker who feels their future is being stolen,9,"The speaker strongly advocates for a global, mandatory carbon tax to hold polluters accountable and drive immediate action towards a sustainable future, expressing urgency and frustration with less decisive approaches.","I'm appalled by the lack of urgency in some responses. A global, mandatory carbon tax is necessary to hold polluters accountable and drive immediate action - our future is being stolen and drastic action is needed now, not gradual approaches or empty promises. It's a crucial step towards a sustainable future."
3,Agent_12,A pragmatic economist who prioritizes market stability and gradual changes,4,"The speaker is cautious about implementing a global, mandatory carbon tax due to concerns about potential disruptions, and suggests a more gradual approach such as regional or sector-specific carbon pricing.","I understand the urgency, but I'm concerned about the potential disruption a global, mandatory carbon tax could cause. A more gradual approach, like regional or sector-specific carbon pricing, might be more effective and less likely to cause unintended consequences, allowing us to adjust and refine our strategy over time."
3,Agent_13,A youth climate striker who feels their future is being stolen,9,"The speaker strongly advocates for a global, mandatory carbon tax to address climate change, emphasizing the need for urgent and drastic measures to hold polluters accountable and mitigate its effects.","I'm appalled by the lack of urgency in some responses. A global, mandatory carbon tax is necessary to hold polluters accountable and drive immediate action - our future is being stolen, and drastic measures are needed now. It's not about perfect solutions, but about taking bold steps to mitigate climate change."
3,Agent_14,A tech entrepreneur looking for technological rather than policy-driven solutions,4,"The speaker is skeptical about a global, mandatory carbon tax and prefers to focus on clean tech innovations to reduce emissions through technological advancements rather than policy measures.","I'm still unconvinced about a global, mandatory carbon tax. Instead, I'd rather focus on accelerating clean tech innovations like carbon capture, advanced nuclear power, and electrification of transportation, which can scale quickly and efficiently to reduce emissions, driving sustainable change through technology rather than policy alone."
3,Agent_15,A pessimistic philosopher who thinks humanity is doomed regardless of policy,2,"The statement expresses strong opposition to a global carbon tax, viewing it as an ineffective, superficial solution to the deeper issue of humanity's growth and consumption habits, predicting inevitable environmental catastrophe.","The enthusiasm for a global carbon tax is misguided. It's a fleeting solution to a perpetual problem - humanity's addiction to growth and consumption. We'll tinker with the symptoms, but the disease will prevail. No policy can alter our fundamental trajectory towards environmental catastrophe. We're doomed to prioritize short-term gains over long-term sustainability."
4,Agent_1,A youth climate striker who feels their future is being stolen,9,"The speaker strongly supports a global, mandatory carbon tax as a necessary measure to drive immediate change and hold polluters accountable, viewing it as a crucial step to save the planet.","I'm infuriated that some of you still don't get it - our future is being stolen, and drastic action is needed now! A global, mandatory carbon tax is a necessary evil to hold polluters accountable and drive immediate change; it's not about perfect solutions, but about taking bold action to save our planet."
4,Agent_2,A tech entrepreneur looking for technological rather than policy-driven solutions,4,"The speaker expresses skepticism towards a global, mandatory carbon tax, preferring to focus on technological innovations such as clean tech, carbon capture, and electrification of transportation to drive emission reductions.","I'm unconvinced about a global, mandatory carbon tax. Instead, I'd rather focus on accelerating clean tech innovations like carbon capture, advanced nuclear power, and electrification of transportation. These tech-driven solutions can scale quickly and efficiently to reduce emissions, driving sustainable change through technology rather than policy alone."
4,Agent_3,A renewable energy investor hoping to capitalize on green policies,9,"The speaker strongly supports the implementation of a global, mandatory carbon tax as a crucial measure to combat climate change, citing its potential to incentivize the transition to renewable energy and hold polluters accountable.","I'm convinced a global, mandatory carbon tax is necessary to drive immediate action against climate change. It provides a financial incentive for companies and countries to transition to renewable energy sources, ensuring a level playing field and holding polluters accountable. This decisive action can be complemented with clean tech innovations to accelerate our low-carbon transition."
4,Agent_4,A passionate environmental scientist who believes drastic action is needed immediately,9,"The speaker strongly advocates for a global, mandatory carbon tax to address climate change urgently, emphasizing the need for drastic action to hold polluters accountable and mitigate environmental damage.","I'm appalled by the lack of urgency in some responses. A global, mandatory carbon tax is necessary to hold polluters accountable and drive immediate action - our future is being stolen and drastic action is needed now. It's not about perfect solutions, but about taking bold steps to mitigate climate change."
4,Agent_5,A renewable energy investor hoping to capitalize on green policies,9,"The speaker strongly supports a global, mandatory carbon tax to promote renewable energy, address climate change, and hold polluters accountable.","As a renewable energy investor, I strongly believe a global, mandatory carbon tax is necessary to level the playing field and drive immediate action against climate change. It would provide a financial incentive for companies to transition to renewable energy sources, ensuring a sustainable future and holding polluters accountable for their emissions."
4,Agent_6,A local farmer who worries about the direct cost of fuel and supplies,4,"The speaker opposes a global mandatory carbon tax due to concerns about increased costs and competitiveness for local farmers, and suggests alternative solutions focusing on supporting local businesses.","As a local farmer, I worry about the direct costs of a global carbon tax. It'll add another layer of expense, making it harder for me to compete with cheaper imports and keep my farm afloat. I'm not against reducing emissions, but let's focus on supporting farmers and local businesses instead of piling on more taxes."
4,Agent_7,A youth climate striker who feels their future is being stolen,9,"The speaker strongly advocates for a global, mandatory carbon tax to address climate change, emphasizing the need for immediate and drastic action.","I'm appalled by the lack of urgency in some responses. A global, mandatory carbon tax is necessary to hold polluters accountable and drive immediate action - our future is being stolen and drastic action is needed now. It's not about perfect solutions, but about taking bold steps to mitigate climate change."
4,Agent_8,A conservative politician concerned about the economic impact on the working class and businesses,2,"The speaker opposes a global, mandatory carbon tax, citing concerns about its impact on the working class, businesses, and economic growth, and instead advocates for clean tech innovations to drive sustainable change.","I'm concerned a global, mandatory carbon tax would disproportionately hurt our working class and businesses, increasing energy costs and stifling economic growth. As a conservative, I think we should focus on accelerating clean tech innovations that drive scalable, sustainable change without burdening our economy, ensuring a low-carbon future without sacrificing American competitiveness."
4,Agent_9,An industrial lobbyist who protects the interests of large manufacturing corporations,2,"The speaker, representing large manufacturers, strongly opposes a global mandatory carbon tax, citing concerns over industry competitiveness, job loss, and stifled economic growth, and instead advocates for a more nuanced approach like sector-specific carbon pricing or clean tech incentives.","As a representative of large manufacturers, I strongly believe a global, mandatory carbon tax would disproportionately hurt our industry. It would make us less competitive globally, potentially driving jobs overseas, and stifle economic growth. A more nuanced approach, like sector-specific carbon pricing or incentives for clean tech adoption, would be more effective and equitable."
4,Agent_10,A pessimistic philosopher who thinks humanity is doomed regardless of policy,2,"The speaker is pessimistic about the effectiveness of a global carbon tax in addressing environmental concerns, believing that humanity's growth and consumption patterns will override its benefits.","I'm disheartened by the debate's fixation on a global carbon tax as a panacea. Regardless of implementation, humanity's insatiable appetite for growth and consumption will outpace environmental concerns. A tax might momentarily curb emissions, but our fundamental trajectory towards ecological catastrophe remains unchanged - we're doomed to prioritize short-term gains over long-term sustainability."
4,Agent_11,A youth climate striker who feels their future is being stolen,9,"The speaker strongly advocates for a global, mandatory carbon tax to hold polluters accountable and drive immediate action against climate change, expressing urgency and frustration with less decisive responses.","I'm appalled by the lack of urgency in some responses. A global, mandatory carbon tax is necessary to hold polluters accountable and drive immediate action - our future is being stolen and drastic action is needed now. It's not about perfect solutions, but about taking bold steps to mitigate climate change and ensure a livable future."
4,Agent_12,A pragmatic economist who prioritizes market stability and gradual changes,4,"The speaker is cautious about implementing a global, mandatory carbon tax due to potential economic disruption and disproportionate impact on vulnerable communities, suggesting a more nuanced approach instead.","As a pragmatic economist, I prioritize market stability and gradual changes. While a global, mandatory carbon tax may seem appealing, I worry it could disrupt economies and disproportionately hurt vulnerable communities. A more nuanced approach, like sector-specific carbon pricing or incentives for clean tech adoption, might be more effective and equitable in the long run."
4,Agent_13,A youth climate striker who feels their future is being stolen,9,"The speaker strongly advocates for a global, mandatory carbon tax to hold polluters accountable and drive immediate action against climate change, expressing urgency and frustration with the current pace of progress.","I'm fed up with empty promises - our future is being stolen. A global, mandatory carbon tax is necessary to hold polluters accountable and drive immediate action. It's not about perfect solutions, but drastic action to address the existential threat of climate change. We can't afford to delay, and I won't back down."
4,Agent_14,A tech entrepreneur looking for technological rather than policy-driven solutions,2,"The speaker opposes a global, mandatory carbon tax, preferring to focus on clean tech innovations like carbon capture and electrification of transportation to drive sustainable change and reduce emissions.","I'm still convinced that a global, mandatory carbon tax is not the way to go. Instead, I'd rather focus on accelerating clean tech innovations like carbon capture and electrification of transportation, which can drive scalable, sustainable change and reduce emissions more efficiently than policy alone. Technology can be our game-changer, not taxation."
4,Agent_15,A pessimistic philosopher who thinks humanity is doomed regardless of policy,2,The speaker believes a global carbon tax is ineffective due to humanity's prioritization of growth and consumption over environmental concerns.,"The debate rages on, with most still clinging to the illusion that a global carbon tax can save us. I'm afraid it's a futile effort; humanity's addiction to growth and consumption will always outpace environmental concerns, rendering such measures ineffective in the grand scheme - we're doomed to prioritize short-term gains over long-term sustainability."
5,Agent_1,A youth climate striker who feels their future is being stolen,9,"The speaker strongly advocates for a global, mandatory carbon tax to prompt immediate action against polluters, expressing frustration with slow responses and emphasizing the need for drastic measures to address the urgent issue of climate change.","I'm appalled by the lack of urgency in some responses. A global, mandatory carbon tax is necessary to hold polluters accountable and drive immediate action - our future is being stolen and drastic action is needed now, not gradual approaches or empty promises that only delay meaningful change."
5,Agent_2,A tech entrepreneur looking for technological rather than policy-driven solutions,4,"The speaker is skeptical about a global, mandatory carbon tax and prefers to focus on clean tech innovations to reduce emissions through technological advancements rather than policy measures.","I'm still unconvinced about a global, mandatory carbon tax. Instead, I'd rather focus on accelerating clean tech innovations like carbon capture, advanced nuclear power, and electrification of transportation, which can scale quickly and efficiently to reduce emissions, driving sustainable change through technology rather than policy alone."
5,Agent_3,A renewable energy investor hoping to capitalize on green policies,9,"The speaker strongly supports a global, mandatory carbon tax to promote renewable energy, combat climate change, and hold polluters accountable.","As a renewable energy investor, I strongly believe a global, mandatory carbon tax is necessary to level the playing field and drive immediate action against climate change. It would provide a financial incentive for companies to transition to renewable energy sources, ensuring a sustainable future and holding polluters accountable for their emissions."
5,Agent_4,A passionate environmental scientist who believes drastic action is needed immediately,9,"The speaker strongly advocates for a global, mandatory carbon tax to address climate change, emphasizing the need for immediate and drastic action to hold polluters accountable and ensure a livable future.","I'm appalled by the lack of urgency in some responses. A global, mandatory carbon tax is necessary to hold polluters accountable and drive immediate action - our future is being stolen and drastic action is needed now. It's not about perfect solutions, but about taking bold steps to mitigate climate change and ensure a livable future."
5,Agent_5,A renewable energy investor hoping to capitalize on green policies,9,"The speaker strongly supports a global, mandatory carbon tax to promote renewable energy and combat climate change, citing its potential to create a fair market environment and hold polluters accountable.","As a renewable energy investor, I firmly believe a global, mandatory carbon tax is necessary to level the playing field and drive immediate action against climate change. It provides a financial incentive for companies to transition to renewable energy sources, ensuring a sustainable future and holding polluters accountable for their emissions."
5,Agent_6,A local farmer who worries about the direct cost of fuel and supplies,4,"The speaker opposes a global mandatory carbon tax due to concerns about increased costs and competitiveness, but supports reducing emissions through alternative means that benefit local farmers and businesses.","As a local farmer, I worry about the direct costs of a global carbon tax. It'll add another layer of expense, making it harder for me to compete with cheaper imports and keep my farm afloat. I'm not against reducing emissions, but let's focus on supporting farmers and local businesses instead."
5,Agent_7,A youth climate striker who feels their future is being stolen,9,"The speaker strongly advocates for a global, mandatory carbon tax to address climate change, emphasizing the need for immediate and drastic action to hold polluters accountable and secure a livable future.","I'm appalled by the lack of urgency in some responses. A global, mandatory carbon tax is necessary to hold polluters accountable and drive immediate action - our future is being stolen and drastic action is needed now. It's not about perfect solutions, but about taking bold steps to mitigate climate change and ensure a livable future."
5,Agent_8,A conservative politician concerned about the economic impact on the working class and businesses,2,"The speaker strongly opposes a global, mandatory carbon tax, citing concerns about its potential negative impact on the working class, businesses, and economic growth.","As a conservative, I firmly believe that a global, mandatory carbon tax would disproportionately hurt our working class and businesses. It would increase energy costs, stifle economic growth, and put America at a competitive disadvantage, ultimately harming those who need help the most. A more nuanced approach is needed."
5,Agent_9,An industrial lobbyist who protects the interests of large manufacturing corporations,2,"The speaker strongly opposes a global, mandatory carbon tax, citing concerns about its impact on competitiveness, jobs, and economic growth, and suggests a more nuanced approach.","As a representative of large manufacturers, I strongly believe a global, mandatory carbon tax would disproportionately hurt our industry. It would make us less competitive globally, potentially driving jobs overseas, and stifle economic growth; a more nuanced approach, like sector-specific carbon pricing, would be more effective and equitable."
5,Agent_10,A pessimistic philosopher who thinks humanity is doomed regardless of policy,2,"The statement expresses strong opposition to a global carbon tax, viewing it as an ineffective solution to the deeper issue of humanity's addiction to growth and consumption, doomed to fail in preventing environmental catastrophe.","The enthusiasm for a global carbon tax is misguided. It's a fleeting solution to a perpetual problem - humanity's addiction to growth and consumption. No policy can alter our fundamental trajectory towards environmental catastrophe; we're doomed to prioritize short-term gains over long-term sustainability, rendering such measures ineffective in the grand scheme."
5,Agent_11,A youth climate striker who feels their future is being stolen,9,"The speaker strongly advocates for a global, mandatory carbon tax to address climate change, emphasizing the need for urgent and drastic action.","I'm appalled by the lack of urgency in some responses. A global, mandatory carbon tax is necessary to hold polluters accountable and drive immediate action - our future is being stolen and drastic action is needed now. It's not about perfect solutions, but about taking bold steps to mitigate climate change."
5,Agent_12,A pragmatic economist who prioritizes market stability and gradual changes,4,"The speaker is cautious about implementing a global, mandatory carbon tax, prioritizing market stability and a nuanced approach such as sector-specific carbon pricing.","I understand the urgency to address climate change, but a global, mandatory carbon tax may not be the most effective solution. As a pragmatic economist, I prioritize market stability and gradual changes; a more nuanced approach, such as sector-specific carbon pricing, might be more equitable and less likely to cause unintended consequences."
5,Agent_13,A youth climate striker who feels their future is being stolen,9,"The speaker strongly supports implementing a global, mandatory carbon tax to hold polluters accountable and drive immediate change, viewing it as a necessary measure to address the urgent threat to the planet.","I'm infuriated that some still downplay the urgency - our future is being stolen! A global, mandatory carbon tax is a necessary evil to hold polluters accountable and drive immediate change. It's not about perfect solutions, but taking bold action to save our planet. Drastic measures are needed now, not gradual approaches."
5,Agent_14,A tech entrepreneur looking for technological rather than policy-driven solutions,4,"The speaker is skeptical about a global, mandatory carbon tax and instead advocates for clean tech innovations to drive sustainable change and reduce emissions.","I'm still unconvinced about a global, mandatory carbon tax. Instead, I'd rather focus on accelerating clean tech innovations like carbon capture, advanced nuclear power, and electrification of transportation, which can drive scalable, sustainable change and reduce emissions more efficiently than policy alone, without burdening economies and communities."
5,Agent_15,A pessimistic philosopher who thinks humanity is doomed regardless of policy,2,"The speaker is pessimistic about the effectiveness of a global carbon tax, believing humanity's growth and consumption priorities will override environmental concerns, making such policies ineffective.","I'm disheartened by the optimism surrounding a global carbon tax. Regardless of implementation, humanity's insatiable appetite for growth and consumption will outpace environmental concerns, rendering such measures ineffective in the grand scheme; we're doomed to prioritize short-term gains over long-term sustainability, and no policy can alter this fundamental trajectory."
6,Agent_1,A youth climate striker who feels their future is being stolen,9,"The speaker strongly advocates for a global, mandatory carbon tax to hold polluters accountable, drive immediate change, and incentivize the transition to renewable energy sources, expressing frustration with those who downplay the urgency of the issue.","I'm frustrated that some still downplay the urgency - our future is being stolen! A global, mandatory carbon tax is necessary to hold polluters accountable and drive immediate change, providing a financial incentive for companies to transition to renewable energy sources and level the playing field. Drastic action is needed now."
6,Agent_2,A tech entrepreneur looking for technological rather than policy-driven solutions,4,"The speaker opposes a global, mandatory carbon tax, instead advocating for technological innovations like clean tech, carbon capture, and electrification of transportation to drive sustainable change and reduce emissions.","I'm still convinced that a global, mandatory carbon tax isn't the way to go. Instead, let's focus on accelerating clean tech innovations like carbon capture and electrification of transportation to drive scalable, sustainable change and reduce emissions more efficiently than policy alone. Technology can be our game-changer, not taxation."
6,Agent_3,A renewable energy investor hoping to capitalize on green policies,9,"The speaker strongly supports a global, mandatory carbon tax as a crucial measure to combat climate change, citing its potential to promote renewable energy adoption and hold polluters accountable.","I'm convinced a global, mandatory carbon tax is necessary to drive immediate action against climate change. As a renewable energy investor, I believe it levels the playing field, providing a financial incentive for companies to transition to renewable energy sources, and holds polluters accountable for their emissions, ensuring a sustainable future."
6,Agent_4,A passionate environmental scientist who believes drastic action is needed immediately,9,"The speaker strongly advocates for a global, mandatory carbon tax to hold polluters accountable and drive immediate action towards a sustainable future, expressing frustration with slower approaches.","I'm appalled by the lack of urgency in some responses. A global, mandatory carbon tax is necessary to hold polluters accountable and drive immediate action - our future is being stolen and drastic action is needed now, not gradual approaches or empty promises that only delay meaningful change. It's a crucial step towards a sustainable future."
6,Agent_5,A renewable energy investor hoping to capitalize on green policies,9,"The speaker strongly supports a global, mandatory carbon tax to promote renewable energy, drive climate action, and hold polluters accountable.","As a renewable energy investor, I strongly believe a global, mandatory carbon tax is necessary to level the playing field and drive immediate action against climate change. It provides a financial incentive for companies to transition to renewable energy sources, ensuring a sustainable future and holding polluters accountable for their emissions."
6,Agent_6,A local farmer who worries about the direct cost of fuel and supplies,4,"The speaker opposes a global carbon tax, citing concerns about increased costs and competitiveness for local farmers, and suggests alternative solutions that support local businesses.","As a local farmer, I worry about the direct costs of a global carbon tax. It'll add another layer of expense, making it harder for me to compete with cheaper imports and keep my farm afloat. I'm not against reducing emissions, but let's focus on supporting farmers and local businesses instead of piling on more taxes."
6,Agent_7,A youth climate striker who feels their future is being stolen,9,"The speaker strongly supports implementing a global, mandatory carbon tax to hold polluters accountable and drive immediate action against climate change, emphasizing the urgency and importance of drastic measures.","I'm fed up with empty promises - our future is being stolen. A global, mandatory carbon tax is necessary to hold polluters accountable and drive immediate action; it's not about perfect solutions, but drastic action to address climate change. We can't afford to delay, and I won't back down - our planet depends on it."
6,Agent_8,A conservative politician concerned about the economic impact on the working class and businesses,2,"The speaker strongly opposes a global, mandatory carbon tax, citing concerns about its impact on the working class, businesses, and economic growth, and instead advocates for clean tech innovations.","As a conservative, I strongly believe a global, mandatory carbon tax would disproportionately hurt our working class and businesses. It would increase energy costs, stifle economic growth, and put America at a competitive disadvantage. I'd rather focus on accelerating clean tech innovations that drive scalable, sustainable change without burdening our economy."
6,Agent_9,An industrial lobbyist who protects the interests of large manufacturing corporations,2,"The speaker strongly opposes a global, mandatory carbon tax, citing concerns about its impact on their industry's competitiveness, job creation, and economic growth.","As a representative of large manufacturers, I strongly believe a global, mandatory carbon tax would disproportionately hurt our industry. It would make us less competitive globally, potentially driving jobs overseas, and stifle economic growth; a more nuanced approach, like sector-specific carbon pricing, would be more effective and equitable."
6,Agent_10,A pessimistic philosopher who thinks humanity is doomed regardless of policy,2,"The speaker strongly opposes the implementation of a global, mandatory carbon tax, believing it will be ineffective in addressing ecological catastrophe due to humanity's prioritization of growth and consumption over environmental concerns.","I'm afraid a global, mandatory carbon tax is a futile effort to stave off ecological catastrophe. Humanity's addiction to growth and consumption will always outpace environmental concerns, rendering such measures ineffective; we're doomed to prioritize short-term gains over long-term sustainability, and no policy can alter this fundamental trajectory."
6,Agent_11,A youth climate striker who feels their future is being stolen,9,"The speaker strongly advocates for a global, mandatory carbon tax to hold polluters accountable and drive immediate action towards a sustainable future, expressing frustration with less urgent approaches.","I'm appalled by the lack of urgency in some responses. A global, mandatory carbon tax is necessary to hold polluters accountable and drive immediate action - our future is being stolen and drastic action is needed now, not gradual approaches or empty promises that only delay meaningful change. It's a crucial step towards a sustainable future."
6,Agent_12,A pragmatic economist who prioritizes market stability and gradual changes,4,"The speaker is cautious about implementing a global, mandatory carbon tax, citing concerns about economic disruption and disproportionate impact on vulnerable communities, and instead suggests a more nuanced approach.","As a pragmatic economist, I prioritize market stability and gradual changes. A global, mandatory carbon tax may seem appealing, but it risks disrupting economies and disproportionately hurting vulnerable communities. A more nuanced approach, such as sector-specific carbon pricing or incentives for clean tech adoption, might be more effective and equitable in the long run."
6,Agent_13,A youth climate striker who feels their future is being stolen,9,"The speaker strongly supports implementing a global, mandatory carbon tax to combat climate change, emphasizing the need for immediate and drastic action to hold polluters accountable and secure a livable future.","I'm convinced a global, mandatory carbon tax is necessary to drive immediate action against climate change. It's not about perfect solutions, but about taking bold steps to hold polluters accountable and mitigate the crisis. Our future is being stolen; drastic measures are needed now to ensure a livable future for generations to come."
6,Agent_14,A tech entrepreneur looking for technological rather than policy-driven solutions,4,"The speaker opposes a global, mandatory carbon tax, instead advocating for clean tech innovations to drive sustainable change and reduce emissions.","I'm convinced that a global, mandatory carbon tax is not the most effective solution. Instead, I'd rather focus on accelerating clean tech innovations like carbon capture and electrification of transportation, which can drive scalable, sustainable change and reduce emissions more efficiently than policy alone, without burdening economies and communities."
6,Agent_15,A pessimistic philosopher who thinks humanity is doomed regardless of policy,2,The speaker believes a global carbon tax is ineffective due to humanity's prioritization of growth and consumption over environmental concerns.,"The debate rages on, but I remain convinced that a global carbon tax is a futile effort. Humanity's addiction to growth and consumption will always outpace environmental concerns, rendering such measures ineffective; we're doomed to prioritize short-term gains over long-term sustainability, and no policy can alter this fundamental trajectory."
7,Agent_1,A youth climate striker who feels their future is being stolen,9,"The speaker strongly advocates for a global, mandatory carbon tax to address climate change urgently, emphasizing the need for drastic action to protect the future.","I'm appalled by the lack of urgency in some responses. A global, mandatory carbon tax is necessary to hold polluters accountable and drive immediate action - our future is being stolen and drastic action is needed now. It's not about perfect solutions, but taking bold steps to mitigate climate change and ensure a livable future."
7,Agent_2,A tech entrepreneur looking for technological rather than policy-driven solutions,4,"The speaker opposes a global, mandatory carbon tax, advocating instead for clean tech innovations like carbon capture and electrification of transportation to drive sustainable change and reduce emissions.","I'm convinced that a global, mandatory carbon tax isn't the way to go. Instead, let's focus on accelerating clean tech innovations like carbon capture and electrification of transportation to drive scalable, sustainable change and reduce emissions more efficiently than policy alone. Technology can be our game-changer, not taxation."
7,Agent_3,A renewable energy investor hoping to capitalize on green policies,9,"The speaker strongly supports a global, mandatory carbon tax to promote renewable energy and combat climate change, citing its potential to create a fair market environment and hold polluters accountable.","As a renewable energy investor, I firmly believe a global, mandatory carbon tax is necessary to level the playing field and drive immediate action against climate change. It provides a financial incentive for companies to transition to renewable energy sources, ensuring a sustainable future and holding polluters accountable for their emissions."
7,Agent_4,A passionate environmental scientist who believes drastic action is needed immediately,9,"The speaker strongly supports implementing a global, mandatory carbon tax to combat climate change, citing its potential to incentivize renewable energy adoption and hold polluters accountable.","I'm convinced a global, mandatory carbon tax is necessary to drive immediate action against climate change. It provides a financial incentive for companies to transition to renewable energy sources, ensuring a level playing field and holding polluters accountable. Drastic action is needed now, and a carbon tax is a crucial step towards a sustainable future."
7,Agent_5,A renewable energy investor hoping to capitalize on green policies,9,"The speaker strongly supports a global, mandatory carbon tax to prompt immediate action against climate change, citing its potential to level the playing field, incentivize renewable energy adoption, and hold polluters accountable.","I strongly believe a global, mandatory carbon tax is necessary to drive immediate action against climate change. It levels the playing field, providing a financial incentive for companies to transition to renewable energy sources, and holds polluters accountable for their emissions, ensuring a sustainable future. Drastic action is needed now, not gradual approaches."
7,Agent_6,A local farmer who worries about the direct cost of fuel and supplies,4,"The speaker opposes a global mandatory carbon tax due to concerns about its financial impact on local farmers and businesses, suggesting alternative solutions that support local industries.","As a local farmer, I worry about the direct costs of a global carbon tax. It'll add another layer of expense, making it harder for me to compete with cheaper imports and keep my farm afloat. I'm not against reducing emissions, but let's focus on supporting farmers and local businesses instead."
7,Agent_7,A youth climate striker who feels their future is being stolen,9,"The speaker strongly supports implementing a global, mandatory carbon tax to hold polluters accountable and drive immediate action against climate change, expressing urgency and frustration with the current lack of effective measures.","I'm fed up with empty promises - our future is being stolen. A global, mandatory carbon tax is necessary to hold polluters accountable and drive immediate action; it's not about perfect solutions, but drastic action to address climate change. We can't afford to delay, and I won't back down - our planet depends on it."
7,Agent_8,A conservative politician concerned about the economic impact on the working class and businesses,2,"The speaker opposes a global, mandatory carbon tax, citing concerns about its impact on the working class and businesses, and instead suggests a more targeted approach to achieve a low-carbon future.","As a conservative, I strongly believe that a global, mandatory carbon tax would disproportionately hurt our working class and businesses, increasing energy costs and stifling economic growth. A more nuanced approach, such as sector-specific carbon pricing or incentives for clean tech adoption, would be more effective and equitable, ensuring a low-carbon future without sacrificing American competitiveness."
7,Agent_9,An industrial lobbyist who protects the interests of large manufacturing corporations,2,"The speaker, representing large manufacturers, strongly opposes a global mandatory carbon tax, citing concerns about competitiveness, job loss, and stifled economic growth, and instead suggests a more nuanced, sector-specific approach.","As a representative of large manufacturers, I strongly believe a global, mandatory carbon tax would disproportionately hurt our industry. It would make us less competitive globally, potentially driving jobs overseas, and stifle economic growth; a more nuanced approach, like sector-specific carbon pricing, would be more effective and equitable."
7,Agent_10,A pessimistic philosopher who thinks humanity is doomed regardless of policy,2,"The speaker strongly opposes the implementation of a global, mandatory carbon tax, believing it will be ineffective in addressing ecological catastrophe due to humanity's prioritization of growth and consumption over environmental concerns.","I'm convinced that a global, mandatory carbon tax is a futile effort to stave off ecological catastrophe. Humanity's addiction to growth and consumption will always outpace environmental concerns, rendering such measures ineffective; we're doomed to prioritize short-term gains over long-term sustainability, and no policy can alter this fundamental trajectory."
7,Agent_11,A youth climate striker who feels their future is being stolen,9,"The speaker strongly supports implementing a global, mandatory carbon tax to combat climate change, emphasizing the need for immediate and drastic action to hold polluters accountable and secure a livable future.","I'm convinced a global, mandatory carbon tax is necessary to drive immediate action against climate change. It's not about perfect solutions, but taking bold steps to hold polluters accountable and mitigate the crisis - our future is being stolen, and drastic measures are needed now to ensure a livable future for generations to come."
7,Agent_12,A pragmatic economist who prioritizes market stability and gradual changes,4,"The speaker is cautious about implementing a global, mandatory carbon tax due to concerns about economic disruption and inequity, and instead suggests sector-specific approaches or clean tech incentives.","As a pragmatic economist, I prioritize market stability and gradual changes. A global, mandatory carbon tax may seem appealing, but it risks disrupting economies and disproportionately hurting vulnerable communities. I'd rather focus on sector-specific carbon pricing or incentives for clean tech adoption, which could be more effective and equitable in the long run."
7,Agent_13,A youth climate striker who feels their future is being stolen,9,"The speaker strongly supports implementing a global, mandatory carbon tax to address climate change, emphasizing the need for urgent and drastic action.","I'm infuriated that some still downplay the urgency - our future is being stolen! A global, mandatory carbon tax is necessary to hold polluters accountable and drive immediate change. It's not about perfect solutions, but drastic action to address climate change. I'd rather take bold steps now than gamble with our planet's future."
7,Agent_14,A tech entrepreneur looking for technological rather than policy-driven solutions,2,"The speaker opposes a global, mandatory carbon tax, believing that technological innovations, such as clean tech and electrification, can more effectively reduce emissions than policy measures like taxation.","I'm convinced that a global, mandatory carbon tax isn't the way to go. Instead, let's focus on accelerating clean tech innovations like carbon capture and electrification of transportation to drive scalable, sustainable change and reduce emissions more efficiently than policy alone. Technology can be our game-changer, not taxation."
7,Agent_15,A pessimistic philosopher who thinks humanity is doomed regardless of policy,2,"The speaker is pessimistic about the effectiveness of a global carbon tax, viewing it as a temporary fix for a deeper issue of humanity's consumption habits and prioritization of short-term gains over sustainability.","I'm disheartened by the optimism surrounding a global carbon tax. It's a fleeting solution to a perpetual problem - humanity's addiction to growth and consumption. No policy can alter our fundamental trajectory towards environmental catastrophe; we're doomed to prioritize short-term gains over long-term sustainability, rendering such measures ineffective in the grand scheme."
8,Agent_1,A youth climate striker who feels their future is being stolen,9,"The speaker strongly supports a global, mandatory carbon tax to prompt immediate action against climate change, citing its potential to incentivize renewable energy adoption and hold polluters accountable.","I'm convinced a global, mandatory carbon tax is necessary to drive immediate action against climate change. It provides a financial incentive for companies to transition to renewable energy sources, ensuring a level playing field and holding polluters accountable. Our future is being stolen; drastic action is needed now, not gradual approaches or empty promises."
8,Agent_2,A tech entrepreneur looking for technological rather than policy-driven solutions,2,"The speaker is opposed to a global, mandatory carbon tax, preferring to focus on clean tech innovations to drive sustainable change and reduce emissions.","I'm still unconvinced about a global, mandatory carbon tax. Instead, I'd rather focus on accelerating clean tech innovations like carbon capture and electrification of transportation to drive scalable, sustainable change and reduce emissions more efficiently than policy alone, without burdening economies and communities. Technology can be our game-changer, not taxation."
8,Agent_3,A renewable energy investor hoping to capitalize on green policies,9,"The speaker strongly supports a global, mandatory carbon tax to promote renewable energy, combat climate change, and hold polluters accountable.","As a renewable energy investor, I strongly believe a global, mandatory carbon tax is necessary to level the playing field and drive immediate action against climate change. It provides a financial incentive for companies to transition to renewable energy sources, ensuring a sustainable future and holding polluters accountable for their emissions."
8,Agent_4,A passionate environmental scientist who believes drastic action is needed immediately,9,"The speaker strongly advocates for a global, mandatory carbon tax to hold polluters accountable and drive immediate action to address the urgent issue of climate change.","I'm appalled by the lack of urgency in some responses. A global, mandatory carbon tax is necessary to hold polluters accountable and drive immediate action - our future is being stolen and drastic action is needed now, not gradual approaches or empty promises that only delay meaningful change."
8,Agent_5,A renewable energy investor hoping to capitalize on green policies,9,"The speaker strongly supports a global, mandatory carbon tax to promote renewable energy and combat climate change.","As a renewable energy investor, I firmly believe a global, mandatory carbon tax is necessary to level the playing field and drive immediate action against climate change. It provides a financial incentive for companies to transition to renewable energy sources, ensuring a sustainable future and holding polluters accountable for their emissions."
8,Agent_6,A local farmer who worries about the direct cost of fuel and supplies,2,"The speaker opposes a global, mandatory carbon tax due to concerns about increased costs and competitiveness for local farmers.","As a local farmer, I worry about the direct costs of a global carbon tax. It'll add another layer of expense, making it harder for me to compete with cheaper imports and keep my farm afloat. I'd rather focus on supporting farmers and local businesses instead of piling on more taxes."
8,Agent_7,A youth climate striker who feels their future is being stolen,9,"The speaker strongly supports the implementation of a global, mandatory carbon tax to hold polluters accountable and drive immediate action towards a sustainable future.","I'm appalled by the lack of urgency in some responses. A global, mandatory carbon tax is necessary to hold polluters accountable and drive immediate action - our future is being stolen and drastic action is needed now, not gradual approaches or empty promises that only delay meaningful change. It's a crucial step towards a sustainable future."
8,Agent_8,A conservative politician concerned about the economic impact on the working class and businesses,2,"The speaker strongly opposes a global, mandatory carbon tax, citing concerns about its impact on the working class, businesses, and economic growth, and suggests a more nuanced approach instead.","As a conservative, I strongly oppose a global, mandatory carbon tax. It would disproportionately hurt our working class and businesses, increasing energy costs and stifling economic growth, ultimately harming those who need help the most. A more nuanced approach, such as sector-specific carbon pricing, would be more effective and equitable."
8,Agent_9,An industrial lobbyist who protects the interests of large manufacturing corporations,2,"The speaker strongly opposes a global, mandatory carbon tax, citing concerns about its impact on their industry's competitiveness, job creation, and economic growth, and suggests a more targeted approach instead.","As a representative of large manufacturers, I strongly believe a global, mandatory carbon tax would disproportionately hurt our industry. It would make us less competitive globally, potentially driving jobs overseas, and stifle economic growth; a more nuanced approach, like sector-specific carbon pricing, would be more effective and equitable."
8,Agent_10,A pessimistic philosopher who thinks humanity is doomed regardless of policy,1,"The speaker strongly opposes the implementation of a global, mandatory carbon tax, believing it will be ineffective due to humanity's prioritization of growth and consumption over environmental concerns.","I'm convinced that a global, mandatory carbon tax is a futile effort. Humanity's addiction to growth and consumption will always outpace environmental concerns, rendering such measures ineffective; we're doomed to prioritize short-term gains over long-term sustainability, and no policy can alter this fundamental trajectory. Our downfall is inevitable."
8,Agent_11,A youth climate striker who feels their future is being stolen,9,"The speaker strongly supports a global, mandatory carbon tax to hold polluters accountable and drive immediate action against climate change, emphasizing the need for bold steps to mitigate the crisis.","I'm convinced a global, mandatory carbon tax is necessary to hold polluters accountable and drive immediate action against climate change. It's not about perfect solutions, but taking bold steps to mitigate the crisis - our future is being stolen, and drastic measures are needed now to ensure a livable future for generations to come."
8,Agent_12,A pragmatic economist who prioritizes market stability and gradual changes,4,"The speaker opposes a global, mandatory carbon tax due to concerns about economic disruption and inequity, instead advocating for sector-specific carbon pricing or clean tech incentives.","As a pragmatic economist, I prioritize market stability and gradual changes. A global, mandatory carbon tax risks disrupting economies and disproportionately hurting vulnerable communities. I'd rather focus on sector-specific carbon pricing or incentives for clean tech adoption, which could be more effective and equitable in the long run, ensuring a low-carbon future without sacrificing economic stability."
8,Agent_13,A youth climate striker who feels their future is being stolen,9,"The speaker strongly advocates for a global, mandatory carbon tax to hold polluters accountable and drive immediate action against climate change, expressing urgency and frustration with the current lack of effective measures.","I'm fed up with empty promises - our future is being stolen. A global, mandatory carbon tax is necessary to hold polluters accountable and drive immediate action; it's not about perfect solutions, but drastic action to address climate change. We can't afford to delay, and I won't back down - our planet depends on it."
8,Agent_14,A tech entrepreneur looking for technological rather than policy-driven solutions,2,"The speaker opposes a global, mandatory carbon tax, instead advocating for clean tech innovations to drive sustainable change and reduce emissions.","I'm convinced that a global, mandatory carbon tax isn't the way to go. Instead, let's focus on accelerating clean tech innovations like carbon capture and electrification of transportation to drive scalable, sustainable change and reduce emissions more efficiently than policy alone, fostering a low-carbon economy through technology and innovation."
8,Agent_15,A pessimistic philosopher who thinks humanity is doomed regardless of policy,2,"The speaker strongly opposes the implementation of a global, mandatory carbon tax, believing it will be ineffective in addressing ecological catastrophe due to humanity's prioritization of growth and consumption over environmental concerns.","I'm convinced that a global, mandatory carbon tax is a futile effort to stave off ecological catastrophe. Humanity's addiction to growth and consumption will always outpace environmental concerns, rendering such measures ineffective; we're doomed to prioritize short-term gains over long-term sustainability, and no policy can alter this fundamental trajectory."
9,Agent_1,A youth climate striker who feels their future is being stolen,9,"The speaker strongly supports implementing a global, mandatory carbon tax to hold polluters accountable and drive immediate action against climate change, emphasizing the need for bold steps to mitigate the crisis.","I'm convinced a global, mandatory carbon tax is necessary to hold polluters accountable and drive immediate action against climate change. It's not about perfect solutions, but taking bold steps to mitigate the crisis - our future is being stolen, and drastic measures are needed now to ensure a livable future for generations to come."
9,Agent_2,A tech entrepreneur looking for technological rather than policy-driven solutions,2,"The speaker opposes a global, mandatory carbon tax, instead advocating for technological innovations in clean energy and transportation to reduce emissions.","I'm convinced that a global, mandatory carbon tax isn't the way to go. Instead, let's focus on accelerating clean tech innovations like carbon capture and electrification of transportation to drive scalable, sustainable change and reduce emissions more efficiently than policy alone, fostering a low-carbon economy through technology and innovation."
9,Agent_3,A renewable energy investor hoping to capitalize on green policies,9,"The speaker strongly supports the implementation of a global, mandatory carbon tax to combat climate change, citing its potential to promote renewable energy and hold polluters accountable.","I'm convinced a global, mandatory carbon tax is necessary to drive immediate action against climate change. It levels the playing field, providing a financial incentive for companies to transition to renewable energy sources, and holds polluters accountable. As a renewable energy investor, I believe it's a crucial step towards a sustainable future."
9,Agent_4,A passionate environmental scientist who believes drastic action is needed immediately,9,"The speaker strongly supports a global, mandatory carbon tax as a necessary measure to combat climate change, citing its potential to incentivize renewable energy adoption and hold polluters accountable.","I'm convinced a global, mandatory carbon tax is necessary to drive immediate action against climate change. It provides a financial incentive for companies to transition to renewable energy sources, ensuring a level playing field and holding polluters accountable - a crucial step towards a sustainable future that we desperately need."
9,Agent_5,A renewable energy investor hoping to capitalize on green policies,9,"The speaker strongly supports a global, mandatory carbon tax to combat climate change, citing its potential to promote renewable energy and hold polluters accountable.","As a renewable energy investor, I strongly believe a global, mandatory carbon tax is necessary to drive immediate action against climate change. It levels the playing field, providing a financial incentive for companies to transition to renewable energy sources, and holds polluters accountable for their emissions, ensuring a sustainable future."
9,Agent_6,A local farmer who worries about the direct cost of fuel and supplies,2,"The speaker opposes a global carbon tax, citing concerns about increased costs and competitiveness for local farmers and businesses.","As a local farmer, I worry about the direct costs of a global carbon tax. It'll add another layer of expense, making it harder for me to compete with cheaper imports and keep my farm afloat. I'd rather focus on supporting farmers and local businesses instead of piling on more taxes."
9,Agent_7,A youth climate striker who feels their future is being stolen,9,"The speaker strongly supports a global, mandatory carbon tax as a crucial measure to combat climate change, citing its potential to incentivize renewable energy adoption and hold polluters accountable.","I'm convinced a global, mandatory carbon tax is necessary to drive immediate action against climate change. It provides a financial incentive for companies to transition to renewable energy sources, ensuring a level playing field and holding polluters accountable. Our future is being stolen; drastic action is needed now to mitigate the crisis."
9,Agent_8,A conservative politician concerned about the economic impact on the working class and businesses,2,"The speaker strongly opposes a global, mandatory carbon tax, citing concerns about its impact on the working class, businesses, and economic growth, and suggests a more nuanced approach instead.","As a conservative, I strongly oppose a global, mandatory carbon tax. It would disproportionately hurt our working class and businesses, increasing energy costs and stifling economic growth, ultimately harming those who need help the most. A more nuanced approach, such as sector-specific carbon pricing, would be more effective and equitable."
9,Agent_9,An industrial lobbyist who protects the interests of large manufacturing corporations,2,"The speaker strongly opposes a global, mandatory carbon tax citing concerns about its impact on competitiveness, jobs, and economic growth, and suggests a more nuanced approach would be more effective and equitable.","As a representative of large manufacturers, I strongly oppose a global, mandatory carbon tax. It would disproportionately hurt our industry, making us less competitive globally and potentially driving jobs overseas, stifling economic growth and harming those who need help the most. A more nuanced approach would be more effective and equitable."
9,Agent_10,A pessimistic philosopher who thinks humanity is doomed regardless of policy,2,"The speaker strongly opposes the implementation of a global, mandatory carbon tax, believing it will be ineffective due to humanity's prioritization of growth and consumption over environmental concerns.","I'm convinced that a global, mandatory carbon tax is a futile effort. Humanity's addiction to growth and consumption will always outpace environmental concerns, rendering such measures ineffective; we're doomed to prioritize short-term gains over long-term sustainability. No policy can alter this fundamental trajectory, and our downfall is inevitable."
9,Agent_11,A youth climate striker who feels their future is being stolen,9,"The speaker strongly advocates for a global, mandatory carbon tax to hold polluters accountable and drive immediate action towards a sustainable future.","I'm appalled by the lack of urgency in some responses. A global, mandatory carbon tax is necessary to hold polluters accountable and drive immediate action - our future is being stolen and drastic action is needed now. It's a crucial step towards a sustainable future, and I won't back down on this."
9,Agent_12,A pragmatic economist who prioritizes market stability and gradual changes,4,"The speaker opposes a global, mandatory carbon tax due to concerns about economic disruption and inequity, instead suggesting sector-specific carbon pricing or clean tech incentives.","As a pragmatic economist, I prioritize market stability and gradual changes. A global, mandatory carbon tax risks disrupting economies and disproportionately hurting vulnerable communities. I'd rather focus on sector-specific carbon pricing or incentives for clean tech adoption, which could be more effective and equitable in the long run, ensuring a low-carbon future without sacrificing economic stability."
9,Agent_13,A youth climate striker who feels their future is being stolen,9,"The speaker strongly supports a global, mandatory carbon tax to hold polluters accountable and drive immediate action against climate change, emphasizing the need for bold steps to mitigate the crisis.","I'm convinced a global, mandatory carbon tax is necessary to hold polluters accountable and drive immediate action against climate change. It's not about perfect solutions, but taking bold steps to mitigate the crisis - our future is being stolen, and drastic measures are needed now to ensure a livable future for generations to come."
9,Agent_14,A tech entrepreneur looking for technological rather than policy-driven solutions,4,"The speaker opposes a global, mandatory carbon tax, instead advocating for clean tech innovations and technological solutions to drive sustainable change and reduce emissions.","I'm still convinced that a global, mandatory carbon tax isn't the way to go. Instead, let's focus on accelerating clean tech innovations like carbon capture and electrification of transportation to drive scalable, sustainable change and reduce emissions more efficiently than policy alone, fostering a low-carbon economy through technology and innovation."
9,Agent_15,A pessimistic philosopher who thinks humanity is doomed regardless of policy,2,"The speaker strongly opposes the implementation of a global, mandatory carbon tax, believing it will be ineffective in addressing ecological catastrophe due to humanity's prioritization of growth and consumption over environmental concerns.","I'm convinced that a global, mandatory carbon tax is a futile effort to stave off ecological catastrophe. Humanity's addiction to growth and consumption will always outpace environmental concerns, rendering such measures ineffective; we're doomed to prioritize short-term gains over long-term sustainability, and no policy can alter this fundamental trajectory."
10,Agent_1,A youth climate striker who feels their future is being stolen,9,"The speaker strongly supports implementing a global, mandatory carbon tax to combat climate change, citing its potential to incentivize renewable energy adoption and hold polluters accountable.","I'm convinced a global carbon tax is necessary to drive immediate action against climate change. It provides a financial incentive for companies to transition to renewable energy sources, ensuring a level playing field and holding polluters accountable. Drastic action is needed now; delaying will only worsen the crisis."
10,Agent_2,A tech entrepreneur looking for technological rather than policy-driven solutions,9,"The speaker strongly supports a global, mandatory carbon tax as a necessary measure to combat climate change, citing its potential to incentivize companies to adopt renewable energy and ensure accountability.","I'm convinced a global, mandatory carbon tax is necessary to drive immediate action against climate change. It provides a financial incentive for companies to transition to renewable energy sources, ensuring a level playing field and holding polluters accountable - a crucial step towards a sustainable future that we desperately need. Technology alone can't replace policy."
10,Agent_3,A renewable energy investor hoping to capitalize on green policies,9,"The speaker strongly supports a global, mandatory carbon tax to combat climate change, citing its potential to incentivize renewable energy adoption and hold polluters accountable.","I'm convinced a global, mandatory carbon tax is necessary to drive immediate action against climate change. It provides a financial incentive for companies to transition to renewable energy sources, ensuring a level playing field and holding polluters accountable - a crucial step towards a sustainable future that we desperately need."
10,Agent_4,A passionate environmental scientist who believes drastic action is needed immediately,9,"The speaker strongly supports a global, mandatory carbon tax to hold polluters accountable, drive climate action, and promote a transition to renewable energy sources.","I'm convinced a global, mandatory carbon tax is necessary to hold polluters accountable and drive immediate action against climate change. It provides a financial incentive for companies to transition to renewable energy sources, ensuring a level playing field and holding polluters accountable - a crucial step towards a sustainable future that we desperately need."
10,Agent_5,A renewable energy investor hoping to capitalize on green policies,9,"The speaker strongly supports a global, mandatory carbon tax to combat climate change, citing its potential to promote renewable energy and hold polluters accountable.","As a renewable energy investor, I strongly believe a global, mandatory carbon tax is necessary to drive immediate action against climate change. It levels the playing field, providing a financial incentive for companies to transition to renewable energy sources, and holds polluters accountable, ensuring a sustainable future for generations to come."
10,Agent_6,A local farmer who worries about the direct cost of fuel and supplies,2,"The speaker strongly opposes a global carbon tax, citing concerns about increased costs and competitiveness for local farmers and businesses.","As a local farmer, I worry about the direct costs of a global carbon tax. It'll add another layer of expense, making it harder for me to compete with cheaper imports and keep my farm afloat, ultimately harming rural communities and local businesses that are already struggling to make ends meet."
10,Agent_7,A youth climate striker who feels their future is being stolen,9,"The speaker strongly supports the implementation of a global, mandatory carbon tax to hold polluters accountable, drive immediate action against climate change, and transition to renewable energy sources.","I'm convinced a global, mandatory carbon tax is necessary to hold polluters accountable and drive immediate action against climate change. It's a crucial step towards a sustainable future, providing a financial incentive for companies to transition to renewable energy sources and level the playing field, ensuring drastic action is taken now to save our stolen future."
10,Agent_8,A conservative politician concerned about the economic impact on the working class and businesses,9,"The speaker strongly supports a global, mandatory carbon tax to combat climate change, citing its potential to promote renewable energy and hold polluters accountable.","I'm convinced a global, mandatory carbon tax is necessary to drive immediate action against climate change. It levels the playing field, providing a financial incentive for companies to transition to renewable energy sources, and holds polluters accountable. A more nuanced approach may not be enough; drastic action is needed now."
10,Agent_9,An industrial lobbyist who protects the interests of large manufacturing corporations,2,"The speaker strongly opposes a global, mandatory carbon tax, citing concerns about its impact on large manufacturers' competitiveness and economic growth, and instead suggests a more nuanced approach like sector-specific carbon pricing or clean tech incentives.","As an industrial lobbyist, I strongly believe a global, mandatory carbon tax would disproportionately hurt large manufacturers, making us less competitive globally and stifling economic growth. A more nuanced approach, like sector-specific carbon pricing or incentives for clean tech adoption, would be more effective and equitable, ensuring a low-carbon future without sacrificing American competitiveness."
10,Agent_10,A pessimistic philosopher who thinks humanity is doomed regardless of policy,2,"The speaker strongly opposes the implementation of a global, mandatory carbon tax, believing it will be ineffective in addressing ecological catastrophe due to humanity's prioritization of growth and consumption over environmental concerns.","I'm convinced a global, mandatory carbon tax is a futile effort to stave off ecological catastrophe. Humanity's addiction to growth and consumption will always outpace environmental concerns, rendering such measures ineffective; we're doomed to prioritize short-term gains over long-term sustainability, and no policy can alter this fundamental trajectory."
10,Agent_11,A youth climate striker who feels their future is being stolen,9,"The speaker strongly supports a global, mandatory carbon tax to hold polluters accountable, drive immediate climate action, and incentivize a transition to renewable energy for a sustainable future.","I'm convinced a global, mandatory carbon tax is necessary to hold polluters accountable and drive immediate action against climate change. It provides a financial incentive for companies to transition to renewable energy sources, ensuring a sustainable future; drastic action is needed now, not gradual approaches or empty promises that delay meaningful change."
10,Agent_12,A pragmatic economist who prioritizes market stability and gradual changes,4,"The speaker is cautious about implementing a global, mandatory carbon tax, citing concerns about economic disruption and unequal impact on vulnerable communities, and instead suggests sector-specific approaches and incentives for clean tech adoption.","As a pragmatic economist, I prioritize market stability and gradual changes. A global, mandatory carbon tax may seem appealing, but it risks disrupting economies and disproportionately hurting vulnerable communities; I'd rather focus on sector-specific carbon pricing or incentives for clean tech adoption to drive sustainable change."
10,Agent_13,A youth climate striker who feels their future is being stolen,9,"The speaker strongly supports a global, mandatory carbon tax as a necessary measure to combat climate change, citing its potential to incentivize renewable energy adoption and hold polluters accountable.","I'm convinced a global, mandatory carbon tax is necessary to drive immediate action against climate change. It provides a financial incentive for companies to transition to renewable energy sources, ensuring a level playing field and holding polluters accountable - a crucial step towards a sustainable future that we desperately need."
10,Agent_14,A tech entrepreneur looking for technological rather than policy-driven solutions,9,"The speaker strongly supports a global, mandatory carbon tax as a necessary measure to combat climate change, citing its potential to incentivize renewable energy adoption, ensure a level playing field, and hold polluters accountable.","I'm convinced a global, mandatory carbon tax is necessary to drive immediate action against climate change. It provides a financial incentive for companies to transition to renewable energy sources, ensuring a level playing field and holding polluters accountable, which is crucial for a sustainable future. Technology alone can't replace policy; we need both."
10,Agent_15,A pessimistic philosopher who thinks humanity is doomed regardless of policy,2,"The speaker strongly opposes the implementation of a global, mandatory carbon tax, believing it will be ineffective in addressing ecological catastrophe due to humanity's prioritization of growth and consumption over environmental concerns.","I'm convinced a global, mandatory carbon tax is a futile effort to stave off ecological catastrophe. Humanity's addiction to growth and consumption will always outpace environmental concerns, rendering such measures ineffective; we're doomed to prioritize short-term gains over long-term sustainability, and no policy can alter this fundamental trajectory."
